function_figlet,rate_function_figlet,success_rate_function_figlet,cpu_usage_function_figlet,ram_usage_function_figlet,power_usage_function_figlet,replica_figlet,overloaded_function_figlet,medium_latency_function_figlet,function_shasum,rate_function_shasum,success_rate_function_shasum,cpu_usage_function_shasum,ram_usage_function_shasum,power_usage_function_shasum,replica_shasum,overloaded_function_shasum,medium_latency_function_shasum,function_nmap,rate_function_nmap,success_rate_function_nmap,cpu_usage_function_nmap,ram_usage_function_nmap,power_usage_function_nmap,replica_nmap,overloaded_function_nmap,medium_latency_function_nmap,cpu_usage_idle_node,cpu_usage_node,ram_usage_idle_node,ram_usage_node,ram_usage_idle_node_percentage,ram_usage_node_percentage,power_usage_idle_node,power_usage_node,rest_seconds,overloaded_node
figlet,0,1.000,0.000,0.000,nan,1,0,0,shasum,0,1.000,0.000,0.000,nan,1,0,0,nmap,0,1.000,0.000,0.000,nan,1,0,0,33.933,33.933,2233872384.000,2233872384.000,17.059,17.059,nan,nan,10,0
figlet,0,1.000,0.000,0.000,nan,1,0,0,shasum,0,1.000,0.000,0.000,nan,1,0,0,nmap,0,1.000,0.000,0.000,nan,1,0,0,35.333,35.333,2269601792.000,2269601792.000,17.276,17.276,nan,nan,20,0
figlet,0,1.000,0.000,0.000,nan,1,0,0,shasum,0,1.000,0.000,0.000,nan,1,0,0,nmap,0,1.000,0.000,0.000,nan,1,0,0,33.400,33.400,2291337216.000,2291337216.000,17.407,17.407,nan,nan,25,0
figlet,0,1.000,0.057,4155392.000,nan,1,0,0,shasum,0,1.000,0.060,3879424.000,nan,1,0,0,nmap,10,1.000,41.139,9030485.333,nan,1,0,91870534,33.400,85.350,2291337216.000,2298812416.000,17.407,17.458,nan,nan,10,0
figlet,0,1.000,0.059,4374357.333,nan,1,0,0,shasum,0,1.000,0.063,4092757.333,nan,1,0,0,nmap,10,1.000,42.065,3522594.133,nan,1,0,94977577,38.933,81.250,2337986560.000,2349379072.000,17.703,17.771,nan,nan,35,0
figlet,0,1.000,0.054,4589124.267,nan,1,0,0,shasum,0,1.000,0.057,4293354.057,nan,1,0,0,nmap,10,1.000,40.276,3697612.800,nan,1,0,96801550,38.400,75.917,2414125056.000,2426071040.000,18.162,18.234,nan,nan,30,0
figlet,0,1.000,0.058,4809728.000,nan,1,0,0,shasum,0,1.000,0.055,4557994.667,nan,1,0,0,nmap,20,1.000,85.324,3423709.867,nan,1,0,94363953,34.933,120.717,2462119936.000,2463074304.000,18.452,18.456,nan,nan,40,0
figlet,0,1.000,0.057,5001045.333,nan,1,0,0,shasum,0,1.000,0.058,4771157.333,nan,1,0,0,nmap,20,1.000,83.251,16697514.667,nan,1,0,97702014,35.267,117.950,2478741504.000,2477951488.000,18.556,18.551,nan,nan,30,0
figlet,0,1.000,0.055,5194581.333,nan,1,0,0,shasum,0,1.000,0.055,4970359.467,nan,1,0,0,nmap,20,1.000,79.484,3770163.200,nan,1,0,93363970,36.333,113.217,2508853248.000,2516107776.000,18.734,18.778,nan,nan,30,0
figlet,0,1.000,0.051,5403721.143,nan,1,0,0,shasum,0,1.000,0.054,5161203.810,nan,1,0,0,nmap,30,1.000,131.503,3475012.267,nan,1,0,115928025,36.800,173.333,2506201088.000,2497355776.000,18.723,18.669,nan,nan,25,0
figlet,0,1.000,0.056,5584896.000,nan,1,0,0,shasum,0,1.000,0.057,5364906.667,nan,1,0,0,nmap,30,1.000,130.146,20571136.000,nan,1,0,101501733,36.267,162.917,2488309760.000,2493732352.000,18.618,18.651,nan,nan,30,0
figlet,0,1.000,0.052,5805056.000,nan,1,0,0,shasum,0,1.000,0.055,5522602.667,nan,1,0,0,nmap,30,1.000,121.547,3297877.333,nan,1,0,102379712,35.667,155.533,2489131008.000,2487115776.000,18.622,18.611,nan,nan,30,0
figlet,0,1.000,0.051,6009446.400,nan,1,0,0,shasum,0,1.000,0.055,5709433.905,nan,1,0,0,nmap,40,1.000,167.901,3292330.667,nan,2,0,1810872533,37.867,190.050,2488186880.000,2590357504.000,18.619,19.232,nan,nan,30,0
figlet,0,1.000,0.056,6166186.667,nan,1,0,0,shasum,0,1.000,0.054,5911552.000,nan,1,0,0,nmap,40,1.000,175.612,162310144.000,nan,1,0,2229530135,38.467,197.167,2547834880.000,2657716224.000,18.997,19.654,nan,nan,25,0
figlet,0,1.000,0.051,6365525.333,nan,1,0,0,shasum,0,1.000,0.055,6108160.000,nan,1,0,0,nmap,40,1.000,179.522,3410261.333,nan,1,0,1709912156,35.800,209.000,2553757696.000,2679318528.000,19.038,19.788,nan,nan,25,0
figlet,0,1.000,0.048,7131120.396,nan,1,0,0,shasum,0,1.000,0.054,6906675.200,nan,1,0,0,nmap,50,1.000,190.091,3043328.000,nan,2,0,8606115773,36.467,234.027,2547472384.000,2857910681.600,18.999,20.862,nan,nan,75,0
figlet,0,1.000,0.052,5558030.141,nan,1,0,0,shasum,0,1.000,0.052,5276740.267,nan,1,0,0,nmap,50,0.999,193.398,2945024.000,nan,2,0,8174396094,34.600,229.960,2545182720.000,2861983334.400,18.984,20.890,nan,nan,90,0
figlet,0,1.000,0.050,5550080.000,nan,1,0,0,shasum,0,1.000,0.055,5431296.000,nan,1,0,0,nmap,50,1.000,179.243,293934762.667,nan,2,0,7723964575,34.000,208.800,2515558400.000,2720478208.000,18.839,20.065,nan,nan,225,0
figlet,0,1.000,0.053,5684974.933,nan,1,0,0,shasum,0,1.000,0.054,5451366.400,nan,1,0,0,nmap,60,0.993,210.362,2813952.000,nan,2,0,14751372910,32.533,245.307,2562179072.000,2965222195.200,19.121,21.546,nan,nan,140,0
figlet,0,1.000,0.053,5746414.933,nan,1,0,0,shasum,0,1.000,0.052,5543253.333,nan,1,0,0,nmap,60,0.992,207.391,386338952.533,nan,2,0,14334108794,37.733,249.413,2541234176.000,2818857369.600,18.986,20.653,nan,nan,115,0
figlet,0,1.000,0.054,5674894.222,nan,1,0,0,shasum,0,1.000,0.057,5487047.111,nan,1,0,0,nmap,60,0.949,203.467,291186005.333,nan,2,0,14695539498,37.533,252.133,2556964864.000,2990158165.333,19.088,21.688,nan,nan,130,0
figlet,0,1.000,0.050,5722112.000,nan,1,0,0,shasum,0,1.000,0.054,5586944.000,nan,1,0,0,nmap,70,0.866,214.083,176269994.667,nan,2,1,18526321824,35.800,263.467,2528040960.000,2966665557.333,18.884,21.515,nan,nan,125,1
figlet,0,1.000,0.055,5777603.048,nan,1,0,0,shasum,0,1.000,0.053,5490395.429,nan,1,0,0,nmap,70,0.484,158.557,339394924.089,nan,2,1,20945222127,37.200,226.524,2546649088.000,2853943003.429,18.936,20.792,nan,nan,120,1
figlet,0,1.000,0.052,5722794.667,nan,1,0,0,shasum,0,1.000,0.054,5448817.778,nan,1,0,0,nmap,70,0.506,126.831,218426709.333,nan,2,1,21218050071,33.400,184.322,2560256000.000,2804011349.333,19.018,20.493,nan,nan,150,1
figlet,0,1.000,0.057,5705728.000,nan,1,0,0,shasum,10,1.000,1.171,7020714.667,nan,1,0,5231592,nmap,0,1.000,0.091,43272874.667,nan,1,0,0,33.200,37.717,2565984256.000,2555685888.000,19.076,19.015,nan,nan,235,0
figlet,0,1.000,0.061,5732864.000,nan,1,0,0,shasum,10,1.000,1.139,9752917.333,nan,1,0,4956394,nmap,0,1.000,0.058,31434752.000,nan,1,0,0,38.533,41.833,2529474560.000,2540871680.000,18.869,18.937,nan,nan,30,0
figlet,0,1.000,0.059,5738496.000,nan,1,0,0,shasum,10,1.000,1.086,3455522.133,nan,2,0,5234944,nmap,0,1.000,0.069,31537664.000,nan,1,0,0,35.933,40.167,2545698816.000,2542745600.000,18.968,18.950,nan,nan,30,0
figlet,0,1.000,0.059,5841408.000,nan,1,0,0,shasum,10,1.000,1.002,9643417.600,nan,1,0,5335508,nmap,10,1.000,36.957,32834560.000,nan,1,0,90995719,36.867,76.000,2564816896.000,2560962560.000,19.083,19.060,nan,nan,30,0
figlet,0,1.000,0.055,5771434.667,nan,1,0,0,shasum,10,1.000,1.130,9623722.667,nan,1,0,5998064,nmap,10,1.000,44.590,33803605.333,nan,1,0,93821440,34.800,80.817,2540908544.000,2541044224.000,18.938,18.938,nan,nan,70,0
figlet,0,1.000,0.053,5805056.000,nan,1,0,0,shasum,10,1.000,1.088,9600000.000,nan,1,0,5678215,nmap,10,1.000,40.021,33050794.667,nan,1,0,86368167,33.000,74.983,2559969280.000,2562394624.000,19.052,19.067,nan,nan,90,0
figlet,0,1.000,0.055,5749760.000,nan,1,0,0,shasum,10,1.000,0.990,9648298.667,nan,1,0,5620292,nmap,20,1.000,77.510,34166442.667,nan,1,0,94847177,35.933,113.150,2560452608.000,2561097216.000,19.053,19.058,nan,nan,75,0
figlet,0,1.000,0.055,5830480.457,nan,1,0,0,shasum,10,1.000,1.090,9751142.400,nan,1,0,5430296,nmap,20,1.000,87.037,34110927.238,nan,1,0,91026038,32.867,121.283,2566666240.000,2560418304.000,19.095,19.058,nan,nan,100,0
figlet,0,1.000,0.055,5742592.000,nan,1,0,0,shasum,10,1.000,1.037,9815210.667,nan,1,0,5294337,nmap,20,1.000,81.829,34373120.000,nan,1,0,97501041,32.467,115.267,2562916352.000,2555483648.000,19.075,19.031,nan,nan,105,0
figlet,0,1.000,0.054,5743445.333,nan,1,0,0,shasum,10,1.000,0.984,9572010.667,nan,1,0,6597336,nmap,30,1.000,120.530,36569429.333,nan,1,0,95408009,31.267,149.917,2564202496.000,2569527808.000,19.084,19.116,nan,nan,75,0
figlet,0,1.000,0.054,5787306.667,nan,1,0,0,shasum,10,1.000,0.941,8543914.667,nan,1,0,6737241,nmap,30,1.000,117.519,35910792.533,nan,1,0,96897497,33.333,143.767,2566481920.000,2564822016.000,19.098,19.089,nan,nan,150,0
figlet,0,1.000,0.054,5683029.333,nan,1,0,0,shasum,10,1.000,1.036,8622592.000,nan,1,0,8586981,nmap,30,1.000,129.235,35652608.000,nan,1,0,100595193,33.733,161.683,2547259392.000,2531905024.000,18.936,18.845,nan,nan,220,0
figlet,0,1.000,0.055,5726208.000,nan,1,0,0,shasum,10,1.000,0.991,3530342.400,nan,1,0,11234875,nmap,40,1.000,170.830,98548736.000,nan,1,0,1348214855,39.000,202.950,2559307776.000,2641763840.000,19.021,19.513,nan,nan,30,0
figlet,0,1.000,0.052,5750784.000,nan,1,0,0,shasum,10,1.000,1.039,9754965.333,nan,1,0,9881304,nmap,40,1.000,178.812,139425109.333,nan,1,0,1465440021,36.467,210.350,2505453568.000,2606846976.000,18.704,19.307,nan,nan,40,0
figlet,0,1.000,0.051,5779456.000,nan,1,0,0,shasum,10,1.000,0.929,9632768.000,nan,1,0,10199899,nmap,40,1.000,163.889,53767680.000,nan,1,0,398569890,32.533,194.533,2561665024.000,2574391296.000,19.029,19.105,nan,nan,75,0
figlet,0,1.000,0.051,5792278.430,nan,1,0,0,shasum,10,1.000,1.083,9702440.960,nan,2,0,9736535,nmap,50,0.999,195.214,3593113.600,nan,2,0,8621416739,37.000,231.680,2530418688.000,2872016896.000,18.852,20.898,nan,nan,30,0
figlet,0,1.000,0.050,5867793.067,nan,1,0,0,shasum,10,1.000,1.150,8776908.800,nan,2,0,10097917,nmap,50,0.999,192.670,3170304.000,nan,3,0,9366489638,35.067,247.867,2537046016.000,3022707507.200,18.891,21.798,nan,nan,195,0
figlet,0,1.000,0.051,5776452.267,nan,1,0,0,shasum,10,1.000,1.040,9642780.444,nan,2,0,9607542,nmap,50,0.951,152.926,3219456.000,nan,3,0,12774559235,36.400,210.775,2565769216.000,2761538218.667,19.059,20.236,nan,nan,75,0
figlet,0,1.000,0.050,5690709.333,nan,1,0,0,shasum,10,1.000,1.016,2954581.333,nan,2,0,10037483,nmap,60,0.889,188.660,403849193.244,nan,2,1,15417242362,33.067,241.778,2555650048.000,3033261738.667,18.997,21.868,nan,nan,140,1
figlet,0,1.000,0.051,5811560.838,nan,1,0,0,shasum,10,1.000,1.066,3072000.000,nan,2,0,11188576,nmap,60,0.999,181.526,2875392.000,nan,3,0,13482110170,32.933,231.453,2567219200.000,2955931648.000,19.058,21.399,nan,nan,110,0
figlet,0,1.000,0.051,5822783.878,nan,1,0,0,shasum,10,1.000,1.087,3178496.000,nan,2,0,10124354,nmap,60,0.999,190.767,376140790.248,nan,3,0,13509126432,33.707,252.643,2542364672.000,2857225420.800,18.875,20.772,nan,nan,215,0
figlet,0,1.000,0.052,5790885.790,nan,1,0,0,shasum,10,1.000,0.934,8949450.710,nan,2,0,7256323,nmap,70,0.462,140.114,292359099.733,nan,2,1,21888728868,36.667,209.419,2562707456.000,2840061366.857,18.992,20.679,nan,nan,135,1
figlet,0,1.000,0.052,5779342.222,nan,1,0,0,shasum,10,1.000,1.084,8829383.111,nan,2,0,8582471,nmap,70,0.488,128.088,163174400.000,nan,2,1,21205708066,35.200,191.433,2537099264.000,2808532650.667,18.864,20.501,nan,nan,175,1
figlet,0,1.000,0.053,5809200.762,nan,1,0,0,shasum,10,1.000,0.845,9108626.286,nan,2,0,10004706,nmap,70,0.741,211.832,284803709.156,nan,2,1,18936624309,33.533,270.371,2558363648.000,2953991314.286,18.986,21.376,nan,nan,120,1
figlet,0,1.000,0.054,5880071.314,nan,1,0,0,shasum,20,1.000,2.100,8835076.876,nan,1,0,4954537,nmap,0,1.000,0.050,3991683.657,nan,1,0,0,33.200,40.967,2507855872.000,2483087360.000,18.674,18.527,nan,nan,135,0
figlet,0,1.000,0.058,5832192.000,nan,1,0,0,shasum,20,1.000,2.209,10143232.000,nan,1,0,4985304,nmap,0,1.000,0.060,4206592.000,nan,1,0,0,35.667,41.767,2494285824.000,2500636672.000,18.601,18.638,nan,nan,25,0
figlet,0,1.000,0.054,5735082.667,nan,1,0,0,shasum,20,1.000,2.132,9875285.333,nan,1,0,5017938,nmap,0,1.000,0.060,4446549.333,nan,1,0,0,33.333,41.233,2530455552.000,2527176192.000,18.821,18.801,nan,nan,30,0
figlet,0,1.000,0.054,5787989.333,nan,1,0,0,shasum,20,1.000,1.930,9727488.000,nan,1,0,5783534,nmap,10,1.000,38.305,8326997.333,nan,1,0,92188551,35.933,78.950,2548260864.000,2548033024.000,18.929,18.930,nan,nan,30,0
figlet,0,1.000,0.054,5847449.600,nan,1,0,0,shasum,20,1.000,2.047,9720285.867,nan,1,0,5501384,nmap,10,1.000,35.004,3513139.200,nan,1,0,87947179,36.133,77.717,2562056192.000,2554044416.000,19.026,18.975,nan,nan,45,0
figlet,0,1.000,0.062,5901482.667,nan,1,0,0,shasum,20,1.000,2.101,9704789.333,nan,1,0,5571293,nmap,10,1.000,41.560,12077056.000,nan,1,0,95784565,32.533,79.583,2555641856.000,2557706240.000,18.980,18.993,nan,nan,130,0
figlet,0,1.000,0.054,5832362.667,nan,1,0,0,shasum,20,1.000,1.865,9835178.667,nan,1,0,6473869,nmap,20,1.000,80.324,16308394.667,nan,1,0,93481779,35.200,116.200,2560335872.000,2562071040.000,19.009,19.020,nan,nan,75,0
figlet,0,1.000,0.063,5871616.000,nan,1,0,0,shasum,20,1.000,1.877,9513306.210,nan,1,0,6776681,nmap,20,1.000,75.091,16453827.048,nan,1,0,95741702,32.867,111.667,2563694592.000,2567260672.000,19.032,19.054,nan,nan,120,0
figlet,0,1.000,0.059,5877589.333,nan,1,0,0,shasum,20,1.000,2.083,9771690.667,nan,1,0,6588282,nmap,20,1.000,87.965,17153536.000,nan,1,0,97158456,33.267,123.033,2532024320.000,2538447872.000,18.842,18.882,nan,nan,70,0
figlet,0,1.000,0.053,5946368.000,nan,1,0,0,shasum,20,1.000,1.938,9753770.667,nan,1,0,7492464,nmap,30,1.000,125.154,18159445.333,nan,1,0,99956077,34.667,159.967,2567331840.000,2572892672.000,19.057,19.090,nan,nan,75,0
figlet,0,1.000,0.052,5922816.000,nan,1,0,0,shasum,20,1.000,1.812,8854016.000,nan,1,0,7969416,nmap,30,1.000,117.919,19820885.333,nan,1,0,99761024,32.133,149.700,2535063552.000,2541880320.000,18.868,18.909,nan,nan,180,0
figlet,0,1.000,0.048,5809766.400,nan,1,0,0,shasum,20,1.000,1.897,9872067.048,nan,1,0,7298071,nmap,30,1.000,123.270,18668275.810,nan,1,0,97246765,32.333,163.017,2562455552.000,2565725696.000,19.033,19.053,nan,nan,70,0
figlet,0,1.000,0.051,5736106.667,nan,1,0,0,shasum,20,1.000,2.024,9428992.000,nan,1,0,9600931,nmap,40,1.000,176.394,80522752.000,nan,1,0,1025050931,32.898,203.546,2556229632.000,2627875328.000,18.998,19.427,nan,nan,120,0
figlet,0,1.000,0.049,5896874.667,nan,1,0,0,shasum,20,1.000,1.746,9753941.333,nan,1,0,10515528,nmap,40,1.000,158.944,32879274.667,nan,1,0,236586920,33.800,187.883,2568697856.000,2577520128.000,19.076,19.132,nan,nan,75,0
figlet,0,1.000,0.057,5842261.333,nan,1,0,0,shasum,20,1.000,1.947,9221120.000,nan,1,0,10081228,nmap,40,1.000,177.806,29490346.667,nan,1,0,175639730,34.533,204.283,2564876288.000,2548340736.000,19.059,18.961,nan,nan,145,0
figlet,0,1.000,0.053,5890457.600,nan,1,0,0,shasum,20,1.000,2.069,9803639.467,nan,2,0,11437092,nmap,50,1.000,203.680,3055616.000,nan,2,0,7743714692,31.467,241.040,2560374784.000,2905703628.800,19.035,21.103,nan,nan,75,0
figlet,0,1.000,0.052,5921723.733,nan,1,0,0,shasum,20,1.000,2.019,3284992.000,nan,2,0,10605000,nmap,50,0.999,169.125,319879304.533,nan,3,0,8860658804,34.067,233.373,2568689664.000,2886096896.000,19.077,20.988,nan,nan,170,0
figlet,0,1.000,0.058,5733171.200,nan,1,0,0,shasum,20,1.000,2.181,9400866.133,nan,2,0,10992182,nmap,50,1.000,198.103,3145728.000,nan,2,0,7704435356,31.800,244.840,2559703040.000,2883687219.200,19.039,20.978,nan,nan,220,0
figlet,0,1.000,0.057,5777066.667,nan,1,0,0,shasum,20,1.000,2.024,9529002.667,nan,2,0,10625644,nmap,60,0.848,194.184,318432460.800,nan,2,1,16535905698,33.067,250.856,2561349632.000,3001575765.333,19.047,21.694,nan,nan,210,1
figlet,0,1.000,0.051,5765529.600,nan,1,0,0,shasum,20,1.000,1.989,3072000.000,nan,2,0,11704418,nmap,60,0.999,187.160,3010560.000,nan,3,0,13378307737,32.200,230.600,2544764928.000,2965136588.800,18.942,21.468,nan,nan,185,0
figlet,0,1.000,0.050,5799936.000,nan,1,0,0,shasum,20,1.000,2.109,8463701.333,nan,2,0,10841962,nmap,60,0.992,209.516,426712541.867,nan,3,0,13384999342,31.467,245.507,2565220352.000,2982854246.400,19.073,21.574,nan,nan,260,0
figlet,0,1.000,0.051,5826153.651,nan,1,0,0,shasum,20,1.000,2.006,8656671.695,nan,2,0,11516637,nmap,70,0.909,209.509,198236160.000,nan,3,0,19302446456,37.133,275.967,2545502208.000,3213236906.667,18.860,22.882,nan,nan,265,0
figlet,0,1.000,0.050,5811385.295,nan,1,0,0,shasum,20,1.000,1.837,8689582.730,nan,2,0,10247808,nmap,70,0.898,212.392,2977792.000,nan,3,1,18400665544,35.400,259.122,2557487104.000,2914246997.333,18.927,21.080,nan,nan,245,1
figlet,0,1.000,0.048,5820074.667,nan,1,0,0,shasum,20,1.000,1.958,8629361.778,nan,2,0,13396131,nmap,70,0.903,213.342,166860117.333,nan,3,0,19822922620,31.133,263.033,2520129536.000,3149533525.333,18.702,22.476,nan,nan,405,0
figlet,0,1.000,0.051,5767168.000,nan,1,0,0,shasum,20,1.000,1.771,8960000.000,nan,2,0,8175730,nmap,80,0.350,134.099,207206595.048,nan,1,1,23440430300,30.800,208.333,2549878784.000,2914981888.000,18.705,20.917,nan,nan,240,1
figlet,0,1.000,0.048,5761316.571,nan,1,0,0,shasum,20,1.000,1.669,3215633.067,nan,2,0,11293338,nmap,80,0.669,226.396,294116829.867,nan,3,1,21074162370,32.000,283.857,2532302848.000,3172446793.143,18.613,22.479,nan,nan,240,1
figlet,0,1.000,0.051,5799545.905,nan,1,0,0,shasum,20,1.000,1.706,9027096.381,nan,2,0,10681936,nmap,80,0.704,218.057,434718485.943,nan,3,1,21221542203,33.333,285.457,2567585792.000,3089156388.571,18.832,21.985,nan,nan,280,1
figlet,0,1.000,0.055,5929130.667,nan,1,0,0,shasum,30,1.000,2.919,8452949.333,nan,1,0,4952388,nmap,0,1.000,0.056,4220416.000,nan,1,0,0,32.267,40.867,2560225280.000,2482520576.000,18.784,18.320,nan,nan,225,0
figlet,0,1.000,0.054,5764949.333,nan,1,0,0,shasum,30,1.000,3.090,3560482.133,nan,1,0,4890275,nmap,0,1.000,0.047,4415522.133,nan,1,0,0,35.333,44.683,2489114624.000,2503885312.000,18.372,18.459,nan,nan,25,0
figlet,0,1.000,0.056,5853184.000,nan,1,0,0,shasum,30,1.000,3.235,3387084.800,nan,1,0,4839033,nmap,0,1.000,0.053,4636501.333,nan,1,0,0,34.867,45.033,2559555584.000,2563067904.000,18.792,18.812,nan,nan,30,0
figlet,0,1.000,0.053,5843626.667,nan,1,0,0,shasum,30,1.000,3.022,10082986.667,nan,1,0,5350601,nmap,10,1.000,39.653,9499648.000,nan,1,0,91743539,34.800,83.350,2566952960.000,2571094016.000,18.836,18.863,nan,nan,60,0
figlet,0,1.000,0.051,5821952.000,nan,1,0,0,shasum,30,1.000,2.745,9896618.667,nan,1,0,5080593,nmap,10,1.000,39.186,14456285.867,nan,1,0,88366153,31.733,77.167,2550913024.000,2547205120.000,18.748,18.727,nan,nan,75,0
figlet,0,1.000,0.059,5927424.000,nan,1,0,0,shasum,30,1.000,3.136,9896106.667,nan,1,0,5183284,nmap,10,1.000,42.466,13013357.714,nan,1,0,91442819,32.933,83.267,2517901312.000,2490639360.000,18.554,18.391,nan,nan,160,0
figlet,0,1.000,0.051,5767168.000,nan,1,0,0,shasum,30,1.000,2.969,9853781.333,nan,1,0,6092537,nmap,20,1.000,81.175,3682645.333,nan,1,0,92339839,35.231,122.869,2506354688.000,2514666496.000,18.498,18.547,nan,nan,30,0
figlet,0,1.000,0.055,5818709.333,nan,1,0,0,shasum,30,1.000,2.810,9853610.667,nan,1,0,6261101,nmap,20,1.000,77.185,3346261.333,nan,1,0,94283589,36.200,119.850,2549172224.000,2559711744.000,18.754,18.816,nan,nan,30,0
figlet,0,1.000,0.051,5793226.362,nan,1,0,0,shasum,30,1.000,2.785,9968742.400,nan,1,0,6151813,nmap,20,1.000,70.783,16539067.733,nan,1,0,97380056,32.533,113.133,2559467520.000,2565560320.000,18.810,18.847,nan,nan,75,0
figlet,0,1.000,0.051,5758634.667,nan,1,0,0,shasum,30,1.000,2.996,9955840.000,nan,1,0,6668092,nmap,30,1.000,126.777,19233450.667,nan,1,0,99852004,31.000,162.167,2568278016.000,2567051264.000,18.862,18.856,nan,nan,100,0
figlet,0,1.000,0.055,5847040.000,nan,1,0,0,shasum,30,1.000,2.708,10032128.000,nan,1,0,7806048,nmap,30,1.000,119.684,21704362.667,nan,1,0,106079899,32.467,157.267,2550450176.000,2537206784.000,18.761,18.683,nan,nan,120,0
figlet,0,1.000,0.057,5867861.333,nan,1,0,0,shasum,30,1.000,2.578,9990314.667,nan,1,0,7432415,nmap,30,1.000,113.188,19238229.333,nan,1,0,97236908,35.200,149.333,2547064832.000,2548856832.000,18.742,18.753,nan,nan,75,0
figlet,0,1.000,0.057,5812394.667,nan,1,0,0,shasum,30,1.000,2.927,9920170.667,nan,1,0,10038446,nmap,40,1.000,179.916,90271914.667,nan,1,0,1245330006,31.467,211.417,2556149760.000,2661313536.000,18.799,19.428,nan,nan,70,0
figlet,0,1.000,0.051,5733888.000,nan,1,0,0,shasum,30,1.000,2.603,8346999.467,nan,1,0,9934175,nmap,40,1.000,158.223,34469376.000,nan,1,0,276816829,33.067,191.067,2528677888.000,2521055744.000,18.637,18.592,nan,nan,255,0
figlet,0,1.000,0.047,5814320.762,nan,1,0,0,shasum,30,1.000,2.570,9893449.143,nan,1,0,11233496,nmap,40,1.000,170.557,3540616.533,nan,1,0,1332361592,37.933,189.667,2563780608.000,2641832448.000,18.859,19.325,nan,nan,30,0
figlet,0,1.000,0.059,5858531.556,nan,1,0,0,shasum,30,1.000,2.853,9172650.667,nan,2,0,8238697,nmap,50,0.860,133.209,161924437.333,nan,2,1,14803164744,31.333,185.767,2560481280.000,2734171136.000,18.834,19.879,nan,nan,220,1
figlet,0,1.000,0.053,5851545.600,nan,1,0,0,shasum,30,1.000,2.857,8971741.867,nan,2,0,10054401,nmap,50,0.999,178.733,3231744.000,nan,2,0,7943255062,32.333,230.480,2541113344.000,2821997772.800,18.709,20.399,nan,nan,185,0
figlet,0,1.000,0.053,5856483.556,nan,1,0,0,shasum,30,1.000,2.900,3357354.667,nan,2,0,8946860,nmap,50,0.881,140.069,196382037.333,nan,3,1,13925939617,35.333,193.100,2563641344.000,2749563221.333,18.859,19.974,nan,nan,210,1
figlet,0,1.000,0.051,5770444.800,nan,1,0,0,shasum,40,1.000,3.825,8673109.333,nan,2,0,5098461,nmap,0,1.000,0.063,31055018.667,nan,1,0,0,34.400,46.267,2551371776.000,2521192448.000,18.798,18.618,nan,nan,215,0
figlet,0,1.000,0.055,5801642.667,nan,1,0,0,shasum,40,1.000,4.320,10007210.667,nan,1,0,4747523,nmap,0,1.000,0.057,27299840.000,nan,1,0,0,36.467,49.100,2528735232.000,2542486016.000,18.672,18.753,nan,nan,25,0
figlet,0,1.000,0.055,5814954.667,nan,1,0,0,shasum,40,1.000,4.097,10013013.333,nan,1,0,4792334,nmap,0,1.000,0.056,27301205.333,nan,1,0,0,34.600,47.017,2567739392.000,2567025664.000,18.904,18.899,nan,nan,30,0
figlet,0,1.000,0.056,5920768.000,nan,1,0,0,shasum,40,1.000,3.681,9115477.333,nan,1,0,5201112,nmap,10,1.000,37.768,28538709.333,nan,1,0,92812662,34.000,81.767,2547695616.000,2526028288.000,18.780,18.651,nan,nan,150,0
figlet,0,1.000,0.052,5764778.667,nan,1,0,0,shasum,40,1.000,3.764,10132309.333,nan,1,0,5143373,nmap,10,1.000,37.454,28484744.533,nan,1,0,90902775,36.067,83.867,2564792320.000,2558427136.000,18.897,18.855,nan,nan,45,0
figlet,0,1.000,0.054,5827242.667,nan,1,0,0,shasum,40,1.000,4.052,9929728.000,nan,1,0,5296594,nmap,10,1.000,42.853,28934485.333,nan,1,0,101032658,33.400,86.650,2557222912.000,2566045184.000,18.843,18.895,nan,nan,70,0
figlet,0,1.000,0.054,5776384.000,nan,1,0,0,shasum,40,1.000,3.871,9910442.667,nan,1,0,6043880,nmap,20,1.000,80.694,29987498.667,nan,1,0,100528012,32.867,121.800,2565285888.000,2569497088.000,18.892,18.918,nan,nan,105,0
figlet,0,1.000,0.051,5789354.667,nan,1,0,0,shasum,40,1.000,3.478,9980050.286,nan,1,0,6139812,nmap,20,1.000,76.967,29264896.000,nan,1,0,93224286,32.733,115.050,2554298368.000,2555979264.000,18.830,18.840,nan,nan,75,0
figlet,0,1.000,0.058,5844480.000,nan,1,0,0,shasum,40,1.000,3.993,10041514.667,nan,1,0,5823696,nmap,20,1.000,85.745,30169088.000,nan,1,0,92212217,33.333,127.767,2566105088.000,2566677504.000,18.902,18.907,nan,nan,70,0
figlet,0,1.000,0.061,5854037.333,nan,1,0,0,shasum,40,1.000,3.710,9145002.667,nan,1,0,8022282,nmap,30,1.000,121.127,30438912.000,nan,1,0,103814105,33.933,161.767,2566942720.000,2557021184.000,18.912,18.853,nan,nan,195,0
figlet,0,1.000,0.052,5809834.667,nan,1,0,0,shasum,40,1.000,3.515,9333760.000,nan,1,0,7815439,nmap,30,1.000,119.135,30785740.800,nan,1,0,104986411,32.133,152.200,2567901184.000,2558549504.000,18.920,18.864,nan,nan,165,0
figlet,0,1.000,0.050,5856597.333,nan,1,0,0,shasum,40,1.000,3.860,9184938.667,nan,1,0,7967659,nmap,30,1.000,128.217,31322965.333,nan,1,0,102608958,32.067,165.683,2553423872.000,2541984768.000,18.835,18.767,nan,nan,235,0
figlet,0,1.000,0.052,5701632.000,nan,1,0,0,shasum,40,1.000,3.589,3016669.867,nan,1,0,10717489,nmap,40,1.000,145.659,178451933.867,nan,1,0,2596268323,36.533,200.300,2560428032.000,2739071488.000,18.887,19.955,nan,nan,30,0
figlet,0,1.000,0.050,5610837.333,nan,1,0,0,shasum,40,1.000,3.764,8781824.000,nan,1,0,10707681,nmap,40,1.000,164.112,88420522.667,nan,1,0,1129125913,33.133,202.467,2520104960.000,2592951808.000,18.645,19.080,nan,nan,235,0
figlet,0,1.000,0.054,5779441.371,nan,1,0,0,shasum,40,1.000,3.394,9931741.867,nan,1,0,9757425,nmap,40,1.000,148.415,75987285.333,nan,1,0,1026845123,34.467,189.283,2562101248.000,2606689280.000,18.887,19.155,nan,nan,90,0
figlet,0,1.000,0.051,5811677.867,nan,1,0,0,shasum,40,1.000,4.078,2990080.000,nan,2,0,10797298,nmap,50,1.000,199.572,415304908.800,nan,2,0,8665914336,30.933,242.427,2548520960.000,2883095756.800,18.817,20.822,nan,nan,220,0
figlet,0,1.000,0.050,5811404.800,nan,1,0,0,shasum,40,1.000,3.930,8593134.933,nan,2,0,11416692,nmap,50,1.000,181.019,3041280.000,nan,2,0,9794252062,33.133,230.000,2558025728.000,2963826278.400,18.876,21.305,nan,nan,290,0
figlet,0,1.000,0.056,5832294.400,nan,1,0,0,shasum,40,1.000,4.173,9028539.733,nan,2,0,11365146,nmap,50,0.999,180.201,338254233.600,nan,3,0,10827582644,35.400,239.253,2568525824.000,2872522752.000,18.921,20.750,nan,nan,240,0
figlet,0,1.000,0.050,5789696.000,nan,1,0,0,shasum,40,1.000,3.973,8989354.667,nan,2,0,10812993,nmap,60,0.769,171.207,217500330.667,nan,2,1,17271055276,33.600,232.533,2559158272.000,3049302357.333,18.877,21.816,nan,nan,265,1
figlet,0,1.000,0.045,5813550.324,nan,1,0,0,shasum,40,1.000,3.856,3015168.000,nan,2,0,10701643,nmap,60,0.981,204.979,2715648.000,nan,3,0,15461282564,32.933,259.711,2566987776.000,3089629525.333,18.868,22.014,nan,nan,210,0
figlet,0,1.000,0.050,5805056.000,nan,1,0,0,shasum,40,1.000,3.925,3362816.000,nan,2,0,9163664,nmap,60,0.674,140.009,191578112.000,nan,2,1,18289373745,31.933,204.344,2548461568.000,2825710592.000,18.763,20.436,nan,nan,305,1
figlet,0,1.000,0.058,5929949.867,nan,1,0,0,shasum,50,1.000,5.222,8754790.400,nan,1,0,4634348,nmap,0,1.000,0.054,4171468.800,nan,1,0,0,33.000,46.267,2560606208.000,2558885376.000,18.838,18.828,nan,nan,255,0
figlet,0,1.000,0.059,5877760.000,nan,1,0,0,shasum,50,1.000,5.100,8783189.333,nan,1,0,4610449,nmap,0,1.000,0.057,5316096.000,nan,1,0,0,31.400,47.300,2549381120.000,2547098624.000,18.774,18.761,nan,nan,310,0
figlet,0,1.000,0.054,5777749.333,nan,1,0,0,shasum,50,1.000,4.879,3753574.400,nan,1,0,4902381,nmap,0,1.000,0.053,5541034.667,nan,1,0,0,34.400,49.483,2538792960.000,2534139392.000,18.721,18.692,nan,nan,45,0
figlet,0,1.000,0.049,5849780.419,nan,1,0,0,shasum,50,1.000,4.271,10397354.667,nan,1,0,5129659,nmap,10,1.000,38.080,10812245.333,nan,1,0,99933484,34.800,85.100,2534909952.000,2528328192.000,18.699,18.664,nan,nan,30,0
figlet,0,1.000,0.052,5890389.333,nan,1,0,0,shasum,50,1.000,4.779,3195153.067,nan,1,0,4856554,nmap,10,1.000,42.953,3522924.089,nan,1,0,89885912,36.400,91.800,2568902656.000,2558897664.000,18.920,18.856,nan,nan,40,0
figlet,0,1.000,0.050,5814272.000,nan,1,0,0,shasum,50,1.000,4.722,10247168.000,nan,1,0,4953662,nmap,10,1.000,40.627,13310771.200,nan,1,0,90007422,31.867,85.483,2556299264.000,2555619328.000,18.836,18.832,nan,nan,75,0
figlet,0,1.000,0.052,5820416.000,nan,1,0,0,shasum,50,1.000,4.525,10133674.667,nan,1,0,6269748,nmap,20,1.000,78.027,3467264.000,nan,1,0,100847003,39.000,124.950,2550798336.000,2547821056.000,18.812,18.792,nan,nan,60,0
figlet,0,1.000,0.057,5818075.429,nan,1,0,0,shasum,50,1.000,4.291,10065091.048,nan,1,0,6112698,nmap,20,1.000,85.968,3718712.889,nan,1,0,98750484,34.533,135.100,2563735552.000,2559148032.000,18.896,18.866,nan,nan,40,0
figlet,0,1.000,0.052,5861205.333,nan,1,0,0,shasum,50,1.000,5.059,9552042.667,nan,1,0,6384134,nmap,20,1.000,85.407,16451413.333,nan,1,0,100210084,34.600,128.933,2547808256.000,2518887424.000,18.791,18.619,nan,nan,180,0
figlet,0,1.000,0.054,5801301.333,nan,1,0,0,shasum,50,1.000,4.594,10042197.333,nan,1,0,7903322,nmap,30,1.000,120.379,3636428.800,nan,1,0,108758384,36.267,163.800,2542225408.000,2530310144.000,18.770,18.696,nan,nan,45,0
figlet,0,1.000,0.051,5847722.667,nan,1,0,0,shasum,50,1.000,4.702,10190116.571,nan,1,0,8123121,nmap,30,1.000,114.140,3527850.667,nan,1,0,114506648,38.667,159.000,2542172160.000,2551626240.000,18.773,18.828,nan,nan,30,0
figlet,0,1.000,0.054,5713920.000,nan,1,0,0,shasum,50,1.000,4.965,9989973.333,nan,1,0,8074117,nmap,30,1.000,127.428,21168640.000,nan,1,0,105948631,32.267,169.767,2568036352.000,2580730368.000,18.917,18.994,nan,nan,160,0
figlet,0,1.000,0.054,5857621.333,nan,1,0,0,shasum,50,1.000,4.720,10189482.667,nan,1,0,11087103,nmap,40,1.000,154.958,3354948.267,nan,1,0,4570695669,37.133,200.383,2538358784.000,2769112576.000,18.754,20.134,nan,nan,30,0
figlet,0,1.000,0.057,5780138.667,nan,1,0,0,shasum,50,1.000,4.470,10086229.333,nan,2,0,11432948,nmap,40,1.000,149.125,176830634.667,nan,1,0,3049105059,33.067,191.583,2547161088.000,2721701376.000,18.803,19.847,nan,nan,205,0
figlet,0,1.000,0.052,5813033.448,nan,1,0,0,shasum,50,1.000,4.282,8480768.000,nan,1,0,10170261,nmap,40,1.000,151.778,177423872.000,nan,1,0,3055012063,31.800,190.867,2533455872.000,2681279488.000,18.728,19.612,nan,nan,205,0
figlet,0,1.000,0.049,5748053.333,nan,1,0,0,shasum,50,1.000,4.991,10041753.600,nan,2,0,11720811,nmap,50,1.000,180.630,3227648.000,nan,3,0,9795359418,30.733,234.627,2550454272.000,2975143116.800,18.830,21.380,nan,nan,145,0
figlet,0,1.000,0.048,5847449.600,nan,1,0,0,shasum,50,1.000,5.233,3153920.000,nan,2,0,11104774,nmap,50,0.999,186.591,417163264.000,nan,1,0,10051293918,33.533,247.507,2541690880.000,2909874176.000,18.777,20.985,nan,nan,175,0
figlet,0,1.000,0.053,5816593.067,nan,1,0,0,shasum,50,1.000,4.873,8835345.067,nan,2,0,11209143,nmap,50,1.000,185.995,3280896.000,nan,2,0,9888412975,35.267,233.373,2539890688.000,2949009817.600,18.779,21.218,nan,nan,195,0
figlet,0,1.000,0.049,5908480.000,nan,1,0,0,shasum,50,1.000,4.723,9234432.000,nan,2,0,9798264,nmap,60,0.931,194.931,3301376.000,nan,3,0,16036729835,35.000,256.189,2539245568.000,3048632661.333,18.737,21.789,nan,nan,240,0
figlet,0,1.000,0.049,5759366.095,nan,1,0,0,shasum,50,1.000,4.146,3041689.600,nan,2,0,8311203,nmap,60,0.590,144.746,3153920.000,nan,3,1,20020272133,31.600,224.924,2567821312.000,2913532489.143,18.880,20.963,nan,nan,170,1
figlet,0,1.000,0.053,5822805.333,nan,1,0,0,shasum,50,1.000,4.552,3078826.667,nan,2,0,10547821,nmap,60,0.993,210.556,170855765.333,nan,2,0,15467042233,32.200,270.622,2566815744.000,3083372544.000,18.882,21.989,nan,nan,205,0
figlet,0,1.000,0.052,5778007.075,nan,1,0,0,shasum,50,1.000,4.307,9314582.639,nan,2,0,9077126,nmap,70,0.526,164.477,218366771.200,nan,2,1,22005637718,32.800,246.638,2528251904.000,2852263936.000,18.673,20.626,nan,nan,220,1
figlet,0,1.000,0.052,5822073.905,nan,1,0,0,shasum,50,1.000,4.248,9381888.000,nan,2,0,9079473,nmap,70,0.521,152.953,266814896.356,nan,3,1,21500417368,37.200,240.200,2534246400.000,2879199817.143,18.694,20.779,nan,nan,250,1
figlet,0,1.000,0.054,5817139.200,nan,1,0,0,shasum,50,1.000,5.299,8909182.293,nan,2,0,10796672,nmap,70,0.548,176.640,3080192.000,nan,3,1,19552398223,35.400,236.453,2561787904.000,2781275340.800,18.864,20.190,nan,nan,210,1
figlet,0,1.000,0.054,5786419.200,nan,1,0,0,shasum,60,1.000,5.629,8446366.476,nan,1,0,4668379,nmap,0,1.000,0.057,4138647.162,nan,1,0,0,34.133,49.800,2559553536.000,2529697280.000,18.861,18.683,nan,nan,235,0
figlet,0,1.000,0.055,5791744.000,nan,1,0,0,shasum,60,1.000,6.481,3487624.533,nan,1,0,4777413,nmap,0,1.000,0.055,4300629.333,nan,1,0,0,36.800,55.567,2559559680.000,2557476352.000,18.869,18.856,nan,nan,25,0
figlet,0,1.000,0.056,5767168.000,nan,1,0,0,shasum,60,1.000,5.932,9534122.667,nan,2,0,4779563,nmap,0,1.000,0.053,5002922.667,nan,1,0,0,36.533,51.933,2566627328.000,2550660608.000,18.907,18.812,nan,nan,195,0
figlet,0,1.000,0.053,5797717.333,nan,1,0,0,shasum,60,1.000,5.353,9058060.190,nan,1,0,5194822,nmap,10,1.000,36.180,11150336.000,nan,1,0,104345937,35.467,86.717,2540484608.000,2514776576.000,18.754,18.604,nan,nan,210,0
figlet,0,1.000,0.066,5806250.667,nan,1,0,0,shasum,60,1.000,5.937,10246144.000,nan,1,0,5054280,nmap,10,1.000,42.824,3688493.511,nan,1,0,100118859,36.200,95.933,2558734336.000,2556328448.000,18.886,18.867,nan,nan,40,0
figlet,0,1.000,0.055,5813418.667,nan,1,0,0,shasum,60,1.000,5.506,9739434.667,nan,1,0,4994943,nmap,10,1.000,39.836,14055936.000,nan,1,0,99328262,32.133,87.167,2561118208.000,2566198784.000,18.890,18.921,nan,nan,180,0
figlet,0,1.000,0.049,5747882.667,nan,1,0,0,shasum,60,1.000,5.691,8707242.667,nan,1,0,5923090,nmap,20,1.000,84.311,15171413.333,nan,1,0,97370225,33.533,128.517,2553157632.000,2533784576.000,18.845,18.730,nan,nan,280,0
figlet,0,1.000,0.056,5762389.333,nan,1,0,0,shasum,60,1.000,5.319,8933034.667,nan,1,0,5729836,nmap,20,1.000,78.914,16318122.667,nan,1,0,96510046,33.267,124.250,2567100416.000,2575325696.000,18.933,18.983,nan,nan,180,0
figlet,0,1.000,0.052,5828437.333,nan,1,0,0,shasum,60,1.000,6.023,9264298.667,nan,1,0,5784039,nmap,20,1.000,86.464,17262592.000,nan,1,0,98999436,32.600,132.885,2568271872.000,2574001664.000,18.942,18.977,nan,nan,145,0
figlet,0,1.000,0.051,5893461.333,nan,1,0,0,shasum,60,1.000,5.447,9277440.000,nan,1,0,7892441,nmap,30,1.000,123.236,18871808.000,nan,1,0,108291054,31.267,164.433,2527414272.000,2534155776.000,18.700,18.741,nan,nan,225,0
figlet,0,1.000,0.054,5709482.667,nan,1,0,0,shasum,60,1.000,6.055,8628736.000,nan,1,0,8081478,nmap,30,1.000,134.619,18821290.667,nan,1,0,113481764,31.333,174.933,2567995392.000,2569511936.000,18.947,18.957,nan,nan,295,0
figlet,0,1.000,0.049,5771264.000,nan,1,0,0,shasum,60,1.000,5.531,9232725.333,nan,1,0,8047991,nmap,30,1.000,125.141,18665301.333,nan,1,0,110021987,33.333,166.317,2567946240.000,2565834240.000,18.950,18.938,nan,nan,210,0
figlet,0,1.000,0.048,5831358.171,nan,1,0,0,shasum,60,1.000,5.433,8737645.714,nan,2,0,10764647,nmap,40,1.000,138.635,164334592.000,nan,2,0,3845963553,34.533,245.417,2539526144.000,2749264896.000,18.784,20.040,nan,nan,255,0
figlet,0,1.000,0.058,5844992.000,nan,1,0,0,shasum,60,1.000,5.552,8745472.000,nan,1,0,11819583,nmap,40,1.000,165.068,263846058.667,nan,1,0,4033240239,30.667,203.650,2532872192.000,2808887296.000,18.758,20.410,nan,nan,335,0
figlet,0,1.000,0.051,5800618.667,nan,1,0,0,shasum,60,1.000,5.472,9640448.000,nan,1,0,10643988,nmap,40,1.000,153.723,248767146.667,nan,1,0,4442387109,36.867,200.050,2565392384.000,2816134144.000,18.948,20.448,nan,nan,130,0
figlet,0,1.000,0.057,5849543.111,nan,1,0,0,shasum,60,1.000,5.504,2979840.000,nan,2,0,9488149,nmap,50,0.987,173.421,206107989.333,nan,3,0,12517206225,32.067,236.867,2564016128.000,2988883626.667,18.944,21.487,nan,nan,175,0
figlet,0,1.000,0.047,5812224.000,nan,1,0,0,shasum,60,1.000,6.041,9442918.400,nan,2,0,10604663,nmap,50,1.000,200.353,432457318.400,nan,2,0,10927743941,31.533,247.613,2561083392.000,2912721715.200,18.917,21.027,nan,nan,230,0
figlet,0,1.000,0.051,5859555.556,nan,1,0,0,shasum,60,1.000,5.491,2937514.667,nan,2,0,9317410,nmap,50,0.992,165.535,304582948.571,nan,2,0,12077604655,34.600,231.011,2540634112.000,2956622848.000,18.736,21.235,nan,nan,215,0
figlet,0,1.000,0.051,5728938.667,nan,1,0,0,shasum,60,1.000,6.163,9641301.333,nan,2,0,11436603,nmap,60,0.987,187.515,3010560.000,nan,3,0,15903298515,34.867,249.733,2560688128.000,2929013555.200,18.858,21.073,nan,nan,125,0
figlet,0,1.000,0.053,5845577.143,nan,1,0,0,shasum,60,1.000,4.879,9816941.714,nan,2,0,8222103,nmap,60,0.582,141.218,259691042.133,nan,2,1,19918408820,33.600,224.857,2566619136.000,2862819035.429,18.902,20.687,nan,nan,175,1
figlet,0,1.000,0.052,5863537.778,nan,1,0,0,shasum,60,1.000,5.589,9663146.667,nan,2,0,10570437,nmap,60,0.914,185.114,179415722.667,nan,3,0,16158779382,34.333,249.700,2545428480.000,2922927104.000,18.772,21.048,nan,nan,165,0
figlet,0,1.000,0.054,5871518.476,nan,1,0,0,shasum,60,1.000,4.783,3046877.867,nan,2,0,8599100,nmap,70,0.468,145.641,2886997.333,nan,3,1,22114546747,32.000,224.610,2567012352.000,2882827410.286,18.922,20.820,nan,nan,225,1
figlet,0,1.000,0.052,5789013.333,nan,1,0,0,shasum,60,1.000,5.002,9408921.600,nan,2,0,10983752,nmap,70,0.786,215.393,391389554.590,nan,3,1,19986377290,32.667,276.638,2531803136.000,3210303195.429,18.698,22.780,nan,nan,225,1
figlet,0,1.000,0.054,5751564.190,nan,1,0,0,shasum,60,1.000,4.995,9808359.619,nan,2,0,8005057,nmap,70,0.343,113.480,168605110.857,nan,1,1,23402706934,32.867,195.686,2564497408.000,2827734747.429,18.899,20.489,nan,nan,190,1
figlet,0,1.000,0.058,5818368.000,nan,1,0,0,shasum,70,1.000,6.462,8926037.333,nan,1,0,4401939,nmap,0,1.000,0.053,4143957.333,nan,1,0,0,31.533,52.017,2501175296.000,2482393600.000,18.526,18.414,nan,nan,240,0
figlet,0,1.000,0.052,5742592.000,nan,1,0,0,shasum,70,1.000,6.433,3292774.400,nan,1,0,4551851,nmap,0,1.000,0.052,4360157.867,nan,1,0,0,35.533,54.633,2519363584.000,2523308032.000,18.641,18.664,nan,nan,30,0
figlet,0,1.000,0.054,5849088.000,nan,1,0,0,shasum,70,1.000,6.857,3239133.867,nan,1,0,4572132,nmap,0,1.000,0.054,4531541.333,nan,1,0,0,36.733,58.200,2549577728.000,2548151808.000,18.823,18.814,nan,nan,25,0
figlet,0,1.000,0.052,5939712.000,nan,1,0,0,shasum,70,1.000,6.559,3465608.533,nan,1,0,4855366,nmap,10,1.000,40.230,9885866.667,nan,1,0,96487995,35.267,95.483,2560030720.000,2564845056.000,18.888,18.920,nan,nan,30,0
figlet,0,1.000,0.056,5751637.333,nan,1,0,0,shasum,70,1.000,6.385,9806165.333,nan,1,0,5062330,nmap,10,1.000,39.950,13208234.667,nan,1,0,93731791,34.933,91.633,2547582976.000,2521426944.000,18.819,18.663,nan,nan,225,0
figlet,0,1.000,0.053,5773994.667,nan,1,0,0,shasum,70,1.000,6.136,10008576.000,nan,1,0,4775972,nmap,10,1.000,43.198,14450176.000,nan,1,0,92413726,31.067,106.783,2559500288.000,2558261248.000,18.889,18.883,nan,nan,180,0
figlet,0,1.000,0.059,5730304.000,nan,1,0,0,shasum,70,1.000,7.005,10003968.000,nan,1,0,6099944,nmap,20,1.000,87.559,16876885.333,nan,1,0,103167205,32.667,135.467,2565212160.000,2571132928.000,18.928,18.964,nan,nan,145,0
figlet,0,1.000,0.054,5758976.000,nan,1,0,0,shasum,70,1.000,6.470,10243413.333,nan,1,0,6191886,nmap,20,1.000,83.988,3638545.067,nan,1,0,100445425,37.600,134.467,2553174016.000,2556570624.000,18.870,18.890,nan,nan,30,0
figlet,0,1.000,0.062,5846698.667,nan,1,0,0,shasum,70,1.000,6.573,9330517.333,nan,1,0,6493510,nmap,20,1.000,72.984,15526229.333,nan,1,0,108956377,38.333,132.700,2539919360.000,2546636288.000,18.782,18.823,nan,nan,165,0
figlet,0,1.000,0.054,5837482.667,nan,1,0,0,shasum,70,1.000,6.974,9879040.000,nan,1,0,8228005,nmap,30,1.000,131.060,18125482.667,nan,1,0,118541457,34.133,177.033,2487539712.000,2494656000.000,18.474,18.517,nan,nan,235,0
figlet,0,1.000,0.052,5769898.667,nan,1,0,0,shasum,70,1.000,6.129,10194773.333,nan,1,0,7580448,nmap,30,1.000,123.098,18685713.067,nan,1,0,106006664,32.800,163.800,2556686336.000,2563634176.000,18.887,18.929,nan,nan,165,0
figlet,0,1.000,0.049,5762048.000,nan,1,0,0,shasum,70,1.000,6.627,8928329.143,nan,1,0,7531956,nmap,30,1.000,116.319,17412929.829,nan,1,0,107555142,32.600,177.983,2541608960.000,2522216960.000,18.798,18.683,nan,nan,250,0
figlet,0,1.000,0.052,5841066.667,nan,1,0,0,shasum,70,1.000,6.335,10279765.333,nan,1,0,10541754,nmap,40,1.000,167.220,226031786.667,nan,1,0,3807593862,33.467,206.433,2568050688.000,2814277120.000,18.960,20.433,nan,nan,75,0
figlet,0,1.000,0.051,5801642.667,nan,1,0,0,shasum,70,1.000,6.322,8957610.667,nan,1,0,10395316,nmap,40,1.000,161.444,252940800.000,nan,1,0,3783429348,33.000,204.836,2546051072.000,2766828544.000,18.834,20.154,nan,nan,280,0
figlet,0,1.000,0.048,5756928.000,nan,1,0,0,shasum,70,1.000,6.625,10099541.333,nan,1,0,10741691,nmap,40,1.000,164.858,252709376.000,nan,1,0,4632527385,31.933,205.500,2552487936.000,2806542848.000,18.874,20.397,nan,nan,175,0
figlet,0,1.000,0.056,5804987.733,nan,1,0,0,shasum,70,1.000,7.105,9510147.413,nan,2,0,10021569,nmap,50,1.000,179.561,3366912.000,nan,3,0,10976722473,32.533,239.240,2533312512.000,2831219097.600,18.769,20.552,nan,nan,250,0
figlet,0,1.000,0.051,5866564.267,nan,1,0,0,shasum,70,1.000,6.927,9225966.933,nan,2,0,10680889,nmap,50,0.999,185.751,404345924.267,nan,3,0,11107420141,33.200,246.120,2534653952.000,3012503961.600,18.773,21.638,nan,nan,265,0
figlet,0,1.000,0.052,5836800.000,nan,1,0,0,shasum,70,1.000,6.382,9193585.778,nan,2,0,9416701,nmap,50,0.951,158.666,221243392.000,nan,3,0,13924901672,31.400,229.689,2566094848.000,2803724970.667,18.962,20.393,nan,nan,255,0
figlet,0,1.000,0.050,5770922.667,nan,1,0,0,shasum,70,1.000,6.424,9480078.222,nan,2,0,9250480,nmap,60,0.700,157.370,255858688.000,nan,2,1,18834887819,32.200,229.644,2551951360.000,2835059370.667,18.874,20.585,nan,nan,275,1
figlet,0,1.000,0.050,5775786.318,nan,1,0,0,shasum,70,1.000,5.303,9313133.714,nan,2,0,7592668,nmap,60,0.551,138.847,310144750.933,nan,2,1,20694353859,32.800,214.200,2548219904.000,2894211072.000,18.851,20.934,nan,nan,240,1
figlet,0,1.000,0.049,5814564.571,nan,1,0,0,shasum,70,1.000,5.867,9573034.667,nan,2,0,9948674,nmap,60,0.661,160.757,297486017.422,nan,3,1,19452701770,33.600,251.667,2565441536.000,2917773312.000,18.962,21.086,nan,nan,235,1
figlet,0,1.000,0.054,5807616.000,nan,1,0,0,shasum,80,1.000,7.124,8961024.000,nan,1,0,4355875,nmap,0,1.000,0.053,4376917.333,nan,1,0,0,34.467,55.083,2550706176.000,2546575872.000,18.876,18.851,nan,nan,255,0
figlet,0,1.000,0.059,5817173.333,nan,1,0,0,shasum,80,1.000,7.895,10355370.667,nan,1,0,4322370,nmap,0,1.000,0.055,4684970.667,nan,1,0,0,33.267,55.717,2512850944.000,2515830784.000,18.652,18.669,nan,nan,70,0
figlet,0,1.000,0.051,5829632.000,nan,1,0,0,shasum,80,1.000,7.356,10385920.000,nan,1,0,4212309,nmap,0,1.000,0.059,4872362.667,nan,1,0,0,35.000,56.517,2499907584.000,2501986816.000,18.582,18.594,nan,nan,30,0
figlet,0,1.000,0.059,5816661.333,nan,1,0,0,shasum,80,1.000,7.059,10400426.667,nan,1,0,4803821,nmap,10,1.000,39.312,9671850.667,nan,1,0,97799169,34.267,93.283,2516613120.000,2520340992.000,18.683,18.708,nan,nan,30,0
figlet,0,1.000,0.047,5719722.667,nan,1,0,0,shasum,80,1.000,7.012,10347349.333,nan,1,0,4693323,nmap,10,1.000,37.117,3635353.600,nan,1,0,93542909,37.800,92.267,2562897920.000,2554429952.000,18.974,18.923,nan,nan,30,0
figlet,0,1.000,0.051,5820416.000,nan,1,0,0,shasum,80,1.000,7.636,10426538.667,nan,1,0,4869757,nmap,10,1.000,43.282,3735552.000,nan,1,0,94632678,34.600,97.600,2568611840.000,2562903552.000,18.990,18.957,nan,nan,70,0
figlet,0,1.000,0.053,5821098.667,nan,1,0,0,shasum,80,1.000,7.279,10409984.000,nan,1,0,5946267,nmap,20,1.000,81.178,17243477.333,nan,1,0,107634286,33.267,131.900,2541971456.000,2547013632.000,18.809,18.827,nan,nan,75,0
figlet,0,1.000,0.056,5795123.200,nan,1,0,0,shasum,80,1.000,6.594,10278912.000,nan,1,0,6004760,nmap,20,1.000,76.399,17692160.000,nan,1,0,100580517,32.533,125.733,2565500928.000,2574881792.000,18.928,18.985,nan,nan,75,0
figlet,0,1.000,0.054,5710506.667,nan,1,0,0,shasum,80,1.000,7.854,10222592.000,nan,1,0,6081413,nmap,20,1.000,88.722,16067072.000,nan,1,0,110176639,34.400,140.283,2533728256.000,2514452480.000,18.741,18.626,nan,nan,130,0
figlet,0,1.000,0.080,5799936.000,nan,1,0,0,shasum,80,1.000,7.343,10330453.333,nan,1,0,8267939,nmap,30,1.000,123.967,3449617.067,nan,1,0,125126472,38.533,178.733,2560606208.000,2565059584.000,18.912,18.939,nan,nan,30,0
figlet,0,1.000,0.052,5826218.667,nan,1,0,0,shasum,80,1.000,6.868,8996693.333,nan,1,0,7973502,nmap,30,1.000,118.043,19940864.000,nan,1,0,114712677,32.067,164.517,2561150976.000,2568778752.000,18.908,18.955,nan,nan,165,0
figlet,0,1.000,0.055,5862692.571,nan,1,0,0,shasum,80,1.000,7.716,9741653.333,nan,1,0,7869100,nmap,30,1.000,127.539,20316940.190,nan,1,0,114884791,32.200,181.717,2553769984.000,2542563840.000,18.866,18.801,nan,nan,130,0
figlet,0,1.000,0.054,5744640.000,nan,1,0,0,shasum,80,1.000,7.220,10310997.333,nan,1,0,10332187,nmap,40,1.000,158.848,3500782.933,nan,1,0,4952998135,37.800,207.567,2554591232.000,2806543360.000,18.885,20.392,nan,nan,30,0
figlet,0,1.000,0.049,5787989.333,nan,1,0,0,shasum,80,1.000,6.714,8990378.667,nan,1,0,11279081,nmap,40,1.000,149.459,238260736.000,nan,1,0,4633953537,33.867,198.350,2560614400.000,2770447872.000,18.915,20.172,nan,nan,235,0
figlet,0,1.000,0.051,5864448.000,nan,1,0,0,shasum,80,1.000,6.608,9029802.667,nan,2,0,11456932,nmap,40,1.000,146.181,274299733.333,nan,2,0,5161728499,31.533,191.067,2564706304.000,2817748480.000,18.948,20.460,nan,nan,205,0
figlet,0,1.000,0.054,5825440.427,nan,1,0,0,shasum,80,1.000,7.764,9486882.133,nan,2,0,12721271,nmap,50,0.999,186.220,2977792.000,nan,2,0,11760839070,32.733,249.360,2526134272.000,2901660876.800,18.721,20.970,nan,nan,260,0
figlet,0,1.000,0.054,5727800.889,nan,1,0,0,shasum,80,1.000,7.377,3434496.000,nan,2,0,8910825,nmap,50,0.779,125.020,202690673.778,nan,2,1,16383768604,33.733,199.056,2556000256.000,2841361408.000,18.881,20.598,nan,nan,210,1
figlet,0,1.000,0.052,5857507.556,nan,1,0,0,shasum,80,1.000,7.507,10985130.667,nan,2,0,9259593,nmap,50,0.923,157.545,2920448.000,nan,3,0,14154534145,32.267,229.200,2533257216.000,2761508864.000,18.765,20.133,nan,nan,195,0
figlet,0,1.000,0.051,5838620.444,nan,1,0,0,shasum,80,1.000,7.311,3369642.667,nan,2,0,12249947,nmap,60,0.782,169.464,283858944.000,nan,3,1,18507200012,31.533,243.767,2518228992.000,3017125888.000,18.676,21.665,nan,nan,260,1
figlet,0,1.000,0.048,5694008.889,nan,1,0,0,shasum,80,1.000,7.455,3237888.000,nan,2,0,10549617,nmap,60,0.742,172.900,427372828.444,nan,1,1,19232558614,34.267,234.756,2561161216.000,2992840362.667,18.916,21.513,nan,nan,210,1
figlet,0,1.000,0.052,5812614.095,nan,1,0,0,shasum,80,1.000,7.522,3156650.667,nan,2,0,11191751,nmap,60,0.925,199.882,3053909.333,nan,3,0,18568772549,34.600,259.478,2555547648.000,3005019477.333,18.911,21.619,nan,nan,240,0
figlet,0,1.000,0.054,5779456.000,nan,1,0,0,shasum,90,1.000,6.708,11318442.667,nan,1,0,45397021,nmap,0,1.000,0.058,4254866.286,nan,1,0,0,33.867,49.400,2541692928.000,2546149888.000,18.815,18.842,nan,nan,275,0
figlet,0,1.000,0.055,5827754.667,nan,1,0,0,shasum,90,1.000,8.522,13383850.667,nan,1,0,4256336,nmap,0,1.000,0.056,4828842.667,nan,1,0,0,33.733,58.600,2544715776.000,2530305024.000,18.837,18.751,nan,nan,145,0
figlet,0,1.000,0.051,5751808.000,nan,1,0,0,shasum,90,1.000,8.241,13349034.667,nan,2,0,4343759,nmap,0,1.000,0.055,5061120.000,nan,1,0,0,35.133,59.333,2567956480.000,2562334720.000,18.982,18.948,nan,nan,30,0
figlet,0,1.000,0.051,5846357.333,nan,1,0,0,shasum,90,1.000,8.098,12144761.905,nan,1,0,4741421,nmap,10,1.000,39.398,10860509.867,nan,1,0,95013147,37.467,93.978,2555797504.000,2534277632.000,18.906,18.781,nan,nan,180,0
figlet,0,1.000,0.053,5910357.333,nan,1,0,0,shasum,90,1.000,8.717,12010325.333,nan,1,0,4783941,nmap,10,1.000,43.410,12028586.667,nan,1,0,94865860,32.200,98.133,2535036928.000,2535885824.000,18.795,18.800,nan,nan,280,0
figlet,0,1.000,0.055,5833045.333,nan,1,0,0,shasum,90,1.000,7.913,13399722.667,nan,1,0,4852050,nmap,10,1.000,40.968,3752738.133,nan,1,0,95074991,36.400,98.183,2568038400.000,2574892032.000,19.005,19.045,nan,nan,30,0
figlet,0,1.000,0.054,5900970.667,nan,1,0,0,shasum,90,1.000,7.470,13389994.667,nan,1,0,6164370,nmap,20,1.000,76.697,17330688.000,nan,1,0,104669737,35.600,130.450,2567518208.000,2575605760.000,18.995,19.043,nan,nan,75,0
figlet,0,1.000,0.050,5822464.000,nan,1,0,0,shasum,90,1.000,8.387,12193109.333,nan,1,0,5696697,nmap,20,1.000,84.605,15358634.667,nan,1,0,100091784,32.133,137.067,2536419328.000,2535678464.000,18.810,18.806,nan,nan,280,0
figlet,0,1.000,0.050,5889706.667,nan,1,0,0,shasum,90,1.000,7.851,13236906.667,nan,1,0,5852216,nmap,20,1.000,74.085,15105077.638,nan,1,0,104420846,31.933,130.867,2540756992.000,2541524480.000,18.838,18.843,nan,nan,210,0
figlet,0,1.000,0.055,5805738.667,nan,1,0,0,shasum,90,1.000,7.471,13447338.667,nan,1,0,7880438,nmap,30,1.000,116.449,3213524.114,nan,1,0,125702915,34.933,166.200,2566287360.000,2573897216.000,19.002,19.047,nan,nan,30,0
figlet,0,1.000,0.052,5847722.667,nan,1,0,0,shasum,90,1.000,8.704,12362752.000,nan,1,0,8444790,nmap,30,1.000,135.888,20432896.000,nan,1,0,120950544,35.733,185.017,2556516352.000,2556744704.000,18.939,18.941,nan,nan,190,0
figlet,0,1.000,0.054,5924864.000,nan,1,0,0,shasum,90,1.000,7.469,11795251.200,nan,1,0,8063379,nmap,30,1.000,116.883,18887168.000,nan,1,0,112692341,32.267,167.200,2543863808.000,2556479488.000,18.867,18.942,nan,nan,300,0
figlet,0,1.000,0.054,5841593.295,nan,1,0,0,shasum,90,1.000,7.889,13180757.333,nan,1,0,10218897,nmap,40,1.000,154.199,262142566.400,nan,1,0,4833575733,34.600,213.683,2568765440.000,2824627712.000,19.019,20.550,nan,nan,235,0
figlet,0,1.000,0.055,5866496.000,nan,1,0,0,shasum,90,1.000,8.005,11980458.667,nan,1,0,10561320,nmap,40,1.000,159.784,256352768.000,nan,1,0,4915403454,31.067,205.667,2547142656.000,2809473024.000,18.896,20.466,nan,nan,280,0
figlet,0,1.000,0.052,5824512.000,nan,1,0,0,shasum,90,1.000,8.125,12041216.000,nan,2,0,10657230,nmap,40,1.000,150.501,311302485.333,nan,2,0,6531347667,31.867,197.800,2564005888.000,2879710208.000,19.004,20.891,nan,nan,280,0
figlet,0,1.000,0.053,5859737.600,nan,1,0,0,shasum,90,1.000,8.675,12287453.867,nan,2,0,10260140,nmap,50,1.000,188.637,2670592.000,nan,2,0,12551145977,32.533,245.320,2556465152.000,3038512742.400,18.961,21.845,nan,nan,365,0
figlet,0,1.000,0.056,5692620.800,nan,1,0,0,shasum,90,1.000,8.521,13069380.267,nan,2,0,11094033,nmap,50,0.999,180.702,440306619.733,nan,2,0,11533344570,32.000,248.467,2512214016.000,2893929676.800,18.672,20.968,nan,nan,135,0
figlet,0,1.000,0.052,5788785.778,nan,1,0,0,shasum,90,1.000,8.048,13025621.333,nan,2,0,8923838,nmap,50,0.745,134.702,2727936.000,nan,3,1,17106968215,32.800,205.433,2508558336.000,2798384810.667,18.664,20.406,nan,nan,210,1
figlet,0,1.000,0.054,5701404.444,nan,1,0,0,shasum,90,1.000,8.414,12748231.111,nan,2,0,10491634,nmap,60,0.713,161.721,314629802.667,nan,2,1,19381280616,31.533,239.911,2554900480.000,2976590165.333,18.937,21.478,nan,nan,225,1
figlet,0,1.000,0.052,5767054.222,nan,1,0,0,shasum,90,1.000,8.032,2925226.667,nan,2,0,9891184,nmap,60,0.946,192.618,3043328.000,nan,3,0,16850078589,34.733,259.144,2533648384.000,2970240000.000,18.814,21.445,nan,nan,180,0
figlet,0,1.000,0.047,5803693.917,nan,1,0,0,shasum,90,1.000,8.205,12469430.044,nan,2,0,8865264,nmap,60,0.717,160.090,321150782.578,nan,3,1,18660607641,33.533,231.767,2566215680.000,2908135765.333,19.015,21.073,nan,nan,185,1
figlet,0,1.000,0.055,5924010.667,nan,1,0,0,shasum,100,1.000,9.655,12176554.667,nan,1,0,4127891,nmap,0,1.000,0.090,35877717.333,nan,1,0,0,31.867,59.917,2521595904.000,2515907072.000,18.706,18.672,nan,nan,235,0
figlet,0,1.000,0.051,5972309.333,nan,1,0,0,shasum,100,1.000,9.049,13390336.000,nan,1,0,4158573,nmap,0,1.000,0.059,29127680.000,nan,1,0,0,34.667,61.550,2551531520.000,2552710656.000,18.891,18.898,nan,nan,30,0
figlet,0,1.000,0.058,5809834.667,nan,1,0,0,shasum,100,1.000,8.483,12116138.667,nan,1,0,4145965,nmap,0,1.000,0.059,29383826.286,nan,1,0,0,32.000,57.517,2567735296.000,2551702016.000,18.986,18.890,nan,nan,150,0
figlet,0,1.000,0.051,5764900.571,nan,1,0,0,shasum,100,1.000,7.447,13365316.267,nan,1,0,4620837,nmap,10,1.000,42.490,31133184.000,nan,1,0,98745260,32.667,103.950,2552645632.000,2536104960.000,18.899,18.802,nan,nan,145,0
figlet,0,1.000,0.055,5762901.333,nan,1,0,0,shasum,100,1.000,9.220,12313941.333,nan,1,0,4681584,nmap,10,1.000,42.153,30818304.000,nan,1,0,95964457,34.000,100.717,2532671488.000,2537572352.000,18.789,18.818,nan,nan,240,0
figlet,0,1.000,0.053,5782016.000,nan,1,0,0,shasum,100,1.000,8.652,12176691.200,nan,1,0,4584660,nmap,10,1.000,35.526,30535372.800,nan,1,0,94835661,32.133,93.950,2564227072.000,2546875904.000,18.978,18.875,nan,nan,195,0
figlet,0,1.000,0.055,5902336.000,nan,1,0,0,shasum,100,1.000,9.152,12251136.000,nan,1,0,5948039,nmap,20,1.000,87.933,33531562.667,nan,1,0,107039664,32.533,142.600,2531727360.000,2538820096.000,18.789,18.831,nan,nan,190,0
figlet,0,1.000,0.052,5878784.000,nan,1,0,0,shasum,100,1.000,9.172,12283221.333,nan,1,0,5921848,nmap,20,1.000,82.520,32383658.667,nan,1,0,102772287,30.933,137.483,2536153088.000,2540623872.000,18.817,18.844,nan,nan,210,0
figlet,0,1.000,0.056,5865130.667,nan,1,0,0,shasum,100,1.000,8.670,12522837.333,nan,1,0,6062316,nmap,20,1.000,79.759,32458922.667,nan,1,0,108762734,35.800,134.067,2552408064.000,2538498560.000,18.917,18.835,nan,nan,195,0
figlet,0,1.000,0.053,5763754.667,nan,1,0,0,shasum,100,1.000,9.648,12305408.000,nan,1,0,8828590,nmap,30,1.000,136.711,35212117.333,nan,1,0,129510779,34.800,190.183,2567944192.000,2575678464.000,19.014,19.062,nan,nan,220,0
figlet,0,1.000,0.060,5849600.000,nan,1,0,0,shasum,100,1.000,8.557,12512085.333,nan,1,0,7946716,nmap,30,1.000,121.618,33584298.667,nan,1,0,124014783,33.667,175.483,2544238592.000,2539273216.000,18.876,18.846,nan,nan,165,0
figlet,0,1.000,0.055,5868748.800,nan,1,0,0,shasum,100,1.000,7.252,12228027.733,nan,1,0,8443054,nmap,30,1.000,128.421,35478576.762,nan,1,0,126296344,33.133,167.067,2565529600.000,2552074240.000,19.004,18.924,nan,nan,225,0
figlet,0,1.000,0.051,5783552.000,nan,1,0,0,shasum,100,1.000,8.792,12541952.000,nan,2,0,10499278,nmap,40,1.000,152.079,300410197.333,nan,1,0,5597314709,33.600,203.367,2536382464.000,2822583296.000,18.832,20.545,nan,nan,220,0
figlet,0,1.000,0.052,5858947.657,nan,1,0,0,shasum,100,1.000,7.389,12447436.800,nan,2,0,12129597,nmap,40,0.999,141.920,246864861.867,nan,2,0,5565156686,32.867,184.983,2554351616.000,2811777536.000,18.926,20.472,nan,nan,220,0
figlet,0,1.000,0.054,5794474.667,nan,1,0,0,shasum,100,1.000,9.033,12971349.333,nan,1,0,10812253,nmap,40,1.000,146.741,260502869.333,nan,2,0,6410525068,32.600,203.717,2565337088.000,2826381312.000,18.993,20.561,nan,nan,185,0
figlet,0,1.000,0.055,5876849.778,nan,1,0,0,shasum,100,1.000,8.867,3154602.667,nan,2,0,9184604,nmap,50,0.827,144.295,354350648.889,nan,2,1,16624462201,32.133,217.322,2556719104.000,2904865109.333,18.968,21.056,nan,nan,275,1
figlet,0,1.000,0.050,5840841.387,nan,1,0,0,shasum,100,1.000,8.971,3084288.000,nan,2,0,10680216,nmap,50,0.999,168.763,2895872.000,nan,3,0,13838352102,33.600,230.427,2514399232.000,2959750758.400,18.708,21.384,nan,nan,260,0
figlet,0,1.000,0.053,5834752.000,nan,1,0,0,shasum,100,1.000,9.106,3387392.000,nan,2,0,10023734,nmap,50,0.884,157.286,3358720.000,nan,3,1,15422848777,32.933,240.767,2558470144.000,2952366421.333,18.983,21.350,nan,nan,250,1
figlet,0,1.000,0.051,5733717.333,nan,1,0,0,shasum,110,1.000,10.464,12154538.667,nan,1,0,4388323,nmap,0,1.000,0.055,4434773.333,nan,1,0,0,34.462,65.440,2546708480.000,2528219136.000,18.853,18.743,nan,nan,245,0
figlet,0,1.000,0.054,5800618.667,nan,1,0,0,shasum,110,1.000,9.989,13403306.667,nan,1,0,4318838,nmap,0,1.000,0.059,4657322.667,nan,1,0,0,37.467,66.017,2556536832.000,2568488448.000,18.919,18.990,nan,nan,30,0
figlet,0,1.000,0.054,5825877.333,nan,1,0,0,shasum,110,1.000,10.844,12345685.333,nan,1,0,4454064,nmap,0,1.000,0.059,5488469.333,nan,1,0,0,36.400,67.183,2538713088.000,2537246720.000,18.810,18.802,nan,nan,235,0
figlet,0,1.000,0.053,5876906.667,nan,1,0,0,shasum,110,1.000,10.209,3553143.467,nan,1,0,4978676,nmap,10,1.000,40.517,10195626.667,nan,1,0,98583189,34.533,105.467,2557165568.000,2562418688.000,18.928,18.960,nan,nan,45,0
figlet,0,1.000,0.053,5852257.524,nan,1,0,0,shasum,110,1.000,9.902,11906082.133,nan,1,0,5015302,nmap,10,1.000,41.587,14177792.000,nan,1,0,101337721,32.600,99.017,2563733504.000,2566461952.000,18.977,18.992,nan,nan,225,0
figlet,0,1.000,0.056,5760341.333,nan,1,0,0,shasum,110,1.000,10.812,12810410.667,nan,1,0,5249869,nmap,10,1.000,43.582,13445632.000,nan,1,0,103799548,37.333,108.417,2556043264.000,2539146752.000,18.934,18.833,nan,nan,235,0
figlet,0,1.000,0.065,5843285.333,nan,1,0,0,shasum,110,1.000,9.765,13014357.333,nan,1,0,6300025,nmap,20,1.000,81.571,15817898.667,nan,1,0,112097536,33.000,138.033,2554179584.000,2562682880.000,18.924,18.975,nan,nan,225,0
figlet,0,1.000,0.058,5922133.333,nan,1,0,0,shasum,110,1.000,10.903,13385898.667,nan,1,0,6120344,nmap,20,1.000,88.894,17223850.667,nan,1,0,107125938,35.667,150.250,2567655424.000,2567872512.000,19.006,19.008,nan,nan,70,0
figlet,0,1.000,0.058,5899605.333,nan,1,0,0,shasum,110,1.000,9.534,13110481.676,nan,1,0,6271946,nmap,20,1.000,83.407,17097557.333,nan,1,0,107964728,36.333,144.867,2546219008.000,2555642368.000,18.881,18.938,nan,nan,180,0
figlet,0,1.000,0.059,5875200.000,nan,1,0,0,shasum,110,1.000,9.541,13219498.667,nan,1,0,8932596,nmap,30,1.000,123.742,19353088.000,nan,1,0,151596749,33.400,176.583,2555185152.000,2557382656.000,18.937,18.951,nan,nan,135,0
figlet,0,1.000,0.060,5880320.000,nan,1,0,0,shasum,110,1.000,10.396,13109760.000,nan,1,0,8575731,nmap,30,1.000,134.580,20301994.667,nan,1,0,133774691,36.000,188.133,2565730304.000,2546011136.000,19.003,18.885,nan,nan,190,0
figlet,0,1.000,0.056,5891413.333,nan,1,0,0,shasum,110,1.000,10.074,13092010.667,nan,1,0,9078506,nmap,30,1.000,127.006,21705216.000,nan,1,0,143739712,34.333,182.183,2565271552.000,2565332480.000,19.002,19.002,nan,nan,195,0
figlet,0,1.000,0.051,5979184.762,nan,1,0,0,shasum,110,1.000,8.985,13119829.333,nan,2,0,11579875,nmap,40,1.000,145.039,227842706.286,nan,2,0,6693872398,34.267,188.550,2568658944.000,2769840640.000,19.023,20.227,nan,nan,195,0
figlet,0,1.000,0.051,5881856.000,nan,1,0,0,shasum,110,1.000,9.435,12133034.667,nan,2,0,11070973,nmap,40,0.999,137.316,289918293.333,nan,2,0,7119908077,34.133,195.283,2547826688.000,2828194816.000,18.909,20.587,nan,nan,260,0
figlet,0,1.000,0.052,5902609.067,nan,1,0,0,shasum,110,1.000,10.765,3436544.000,nan,2,0,9997537,nmap,40,0.999,150.897,3297280.000,nan,3,0,7897712470,34.667,240.747,2532042752.000,2842356940.800,18.803,20.668,nan,nan,260,0
figlet,0,1.000,0.056,5961386.667,nan,1,0,0,shasum,110,1.000,10.058,12417365.333,nan,2,0,9122251,nmap,50,0.782,141.176,286758456.889,nan,2,1,16973748251,33.133,217.689,2541549568.000,2757630976.000,18.879,20.176,nan,nan,255,1
figlet,0,1.000,0.064,5905976.889,nan,1,0,0,shasum,110,1.000,9.990,12606464.000,nan,2,0,9711286,nmap,50,0.783,137.387,246244693.333,nan,3,1,17126458631,32.733,221.400,2552483840.000,2823357098.667,18.933,20.564,nan,nan,165,1
figlet,0,1.000,0.052,5847267.556,nan,1,0,0,shasum,110,1.000,9.847,12597816.889,nan,2,0,10244374,nmap,50,0.999,173.761,413672789.333,nan,3,0,14288243828,34.933,260.144,2526808064.000,2968745301.333,18.785,21.445,nan,nan,240,0
figlet,0,1.000,0.061,5897728.000,nan,1,0,0,shasum,120,1.000,10.644,12269397.333,nan,1,0,4375881,nmap,0,1.000,0.081,27695445.333,nan,1,0,0,34.067,64.100,2562439168.000,2546504192.000,19.018,18.923,nan,nan,250,0
figlet,0,1.000,0.058,5904213.333,nan,1,0,0,shasum,120,1.000,11.935,12448256.000,nan,1,0,4418696,nmap,0,1.000,0.072,26709777.067,nan,1,0,0,32.667,68.650,2538721280.000,2544574464.000,18.878,18.913,nan,nan,175,0
figlet,0,1.000,0.057,5917525.333,nan,1,0,0,shasum,120,1.000,11.116,12145152.000,nan,1,0,4320240,nmap,0,1.000,0.061,26640042.667,nan,1,0,0,36.067,66.833,2566445056.000,2547367424.000,19.045,18.932,nan,nan,285,0
figlet,0,1.000,0.058,5858713.600,nan,1,0,0,shasum,120,1.000,10.586,13520896.000,nan,1,0,5099211,nmap,10,1.000,39.521,28949674.667,nan,1,0,105814538,36.000,102.667,2541127680.000,2550302208.000,18.896,18.951,nan,nan,210,0
figlet,0,1.000,0.054,5857962.667,nan,1,0,0,shasum,120,1.000,11.816,12278613.333,nan,1,0,5128442,nmap,10,1.000,45.281,28237653.333,nan,1,0,108018941,33.200,112.950,2537031680.000,2539817984.000,18.873,18.884,nan,nan,190,0
figlet,0,1.000,0.053,5844650.667,nan,1,0,0,shasum,120,1.000,9.895,12481706.667,nan,1,0,4694578,nmap,10,1.000,40.336,28385109.333,nan,1,0,97925727,33.667,100.400,2562785280.000,2562785792.000,19.014,19.014,nan,nan,225,0
figlet,0,1.000,0.053,5806080.000,nan,1,0,0,shasum,120,1.000,11.033,12012202.667,nan,1,0,5892050,nmap,20,1.000,85.250,29599402.667,nan,1,0,106264945,30.600,144.533,2529687552.000,2536201216.000,18.819,18.858,nan,nan,310,0
figlet,0,1.000,0.053,5816661.333,nan,1,0,0,shasum,120,1.000,9.934,12190720.000,nan,1,0,5867081,nmap,20,1.000,78.876,30573397.333,nan,1,0,112008709,31.267,136.433,2546935808.000,2553697792.000,18.925,18.965,nan,nan,210,0
figlet,0,1.000,0.055,5974528.000,nan,1,0,0,shasum,120,1.000,10.987,12274858.667,nan,1,0,5877741,nmap,20,1.000,89.483,29762389.333,nan,1,0,108912338,32.667,149.092,2520098816.000,2528647168.000,18.765,18.818,nan,nan,250,0
figlet,0,1.000,0.055,5870762.667,nan,1,0,0,shasum,120,1.000,10.181,12346197.333,nan,1,0,7844973,nmap,30,1.000,126.821,32073216.000,nan,1,0,125912491,31.467,178.550,2540111872.000,2549238784.000,18.888,18.943,nan,nan,165,0
figlet,0,1.000,0.055,5896123.733,nan,1,0,0,shasum,120,1.000,9.157,12374186.667,nan,1,0,8346453,nmap,30,1.000,117.790,33477388.190,nan,1,0,131668371,32.733,170.650,2539804672.000,2545794560.000,18.891,18.927,nan,nan,240,0
figlet,0,1.000,0.051,5886293.333,nan,1,0,0,shasum,120,1.000,11.014,12469418.667,nan,1,0,8470876,nmap,30,1.000,133.482,32798378.667,nan,1,0,129245277,36.800,189.967,2565439488.000,2573331456.000,19.044,19.092,nan,nan,250,0
figlet,0,1.000,0.053,5842807.467,nan,1,0,0,shasum,120,1.000,11.364,3141632.000,nan,2,0,10381051,nmap,40,1.000,171.385,2838528.000,nan,2,0,7614288656,35.533,238.440,2547621888.000,2937568051.200,18.937,21.270,nan,nan,210,0
figlet,0,1.000,0.054,5918446.933,nan,1,0,0,shasum,120,1.000,11.110,12421666.133,nan,2,0,10244851,nmap,40,0.999,172.530,334200968.533,nan,2,0,7430604225,35.467,248.667,2544672768.000,2962899763.200,18.921,21.427,nan,nan,255,0
figlet,0,1.000,0.048,5916515.962,nan,1,0,0,shasum,120,1.000,9.719,12149077.333,nan,2,0,11450434,nmap,40,1.000,131.683,291368467.505,nan,2,0,7620537996,33.400,188.883,2558916608.000,2873277952.000,19.014,20.895,nan,nan,245,0
figlet,0,1.000,0.055,5913713.778,nan,1,0,0,shasum,120,1.000,10.673,12504519.111,nan,2,0,9322945,nmap,50,0.840,149.684,299595491.556,nan,2,1,16804504248,33.267,228.189,2543257600.000,2803315029.333,18.908,20.474,nan,nan,260,1
figlet,0,1.000,0.049,6027673.600,nan,1,0,0,shasum,120,1.000,11.475,2908160.000,nan,2,0,13908943,nmap,50,0.999,172.196,3112960.000,nan,3,0,12114845078,34.667,246.107,2566602752.000,3028195328.000,19.048,21.818,nan,nan,255,0
figlet,0,1.000,0.051,5867520.000,nan,1,0,0,shasum,120,1.000,11.353,3190784.000,nan,2,0,10465911,nmap,50,0.999,161.668,329602798.933,nan,3,0,13534056572,33.533,231.240,2539706368.000,2886703923.200,18.895,20.979,nan,nan,360,0
figlet,0,1.000,0.053,5915306.667,nan,1,0,0,shasum,120,1.000,10.517,13759146.667,nan,2,0,10078633,nmap,60,0.774,181.242,263554730.667,nan,2,1,19568521447,32.400,247.956,2562205696.000,2962002261.333,19.023,21.428,nan,nan,190,1
figlet,0,1.000,0.055,5946140.444,nan,1,0,0,shasum,120,1.000,10.535,13302784.000,nan,2,0,10578143,nmap,60,0.939,187.385,174141440.000,nan,3,0,18636894911,32.667,261.900,2534234112.000,2836072448.000,18.859,20.679,nan,nan,225,0
figlet,0,1.000,0.053,5810403.556,nan,1,0,0,shasum,120,1.000,10.371,13771093.333,nan,2,0,10966467,nmap,60,0.916,192.745,2830336.000,nan,3,0,18933157379,33.867,272.367,2556305408.000,3165915136.000,19.001,22.667,nan,nan,165,0
figlet,0,1.000,0.056,5848015.238,nan,1,0,0,shasum,120,1.000,9.031,13155474.286,nan,2,0,9862369,nmap,70,0.496,166.196,307311128.381,nan,3,1,22307681622,32.867,262.829,2566848512.000,2981436562.286,19.073,21.554,nan,nan,245,1
figlet,0,1.000,0.046,5888877.714,nan,1,0,0,shasum,120,1.000,9.438,3318397.156,nan,2,0,8646582,nmap,70,0.434,150.234,191158118.748,nan,2,1,22917178204,32.540,244.294,2531174400.000,2878583369.143,18.803,20.896,nan,nan,255,1
figlet,0,1.000,0.055,5894534.095,nan,1,0,0,shasum,120,1.000,8.975,13166689.524,nan,2,0,10350322,nmap,70,0.575,180.862,3106133.333,nan,3,1,21829300392,33.600,276.219,2536822784.000,3172414610.286,18.838,22.660,nan,nan,235,1
figlet,0,1.000,0.051,5787648.000,nan,1,0,0,shasum,130,1.000,11.050,12434432.000,nan,1,0,4232024,nmap,0,1.000,0.055,4499968.000,nan,1,0,0,33.733,66.167,2562590720.000,2562235904.000,18.998,18.996,nan,nan,240,0
figlet,0,1.000,0.056,5810517.333,nan,1,0,0,shasum,130,1.000,12.195,12887552.000,nan,1,0,4123405,nmap,0,1.000,0.052,5179050.667,nan,1,0,0,32.067,68.367,2533890048.000,2539539968.000,18.830,18.863,nan,nan,160,0
figlet,0,1.000,0.059,5796864.000,nan,1,0,0,shasum,130,1.000,11.555,12591274.667,nan,1,0,4134855,nmap,0,1.000,0.054,6006101.333,nan,1,0,0,31.933,65.533,2544814080.000,2543556096.000,18.897,18.890,nan,nan,240,0
figlet,0,1.000,0.052,5826218.667,nan,1,0,0,shasum,130,1.000,11.290,13942340.267,nan,1,0,4841474,nmap,10,1.000,39.927,10595498.667,nan,1,0,103103833,37.800,106.050,2563788800.000,2568464384.000,19.014,19.044,nan,nan,60,0
figlet,0,1.000,0.053,5874005.333,nan,1,0,0,shasum,130,1.000,12.218,12596394.667,nan,1,0,4842192,nmap,10,1.000,45.255,13331456.000,nan,1,0,105523730,32.200,110.650,2568030208.000,2576764928.000,19.051,19.102,nan,nan,250,0
figlet,0,1.000,0.053,5903701.333,nan,1,0,0,shasum,130,1.000,11.748,12865706.667,nan,1,0,4869132,nmap,10,1.000,41.784,14096896.000,nan,1,0,100794167,35.000,108.033,2557575168.000,2562258432.000,18.988,19.017,nan,nan,165,0
figlet,0,1.000,0.050,5858986.667,nan,1,0,0,shasum,130,1.000,9.396,12403302.400,nan,1,0,6033572,nmap,20,1.000,77.977,15226099.810,nan,1,0,110084534,32.333,134.200,2539757568.000,2531233280.000,18.886,18.835,nan,nan,270,0
figlet,0,1.000,0.056,5886634.667,nan,1,0,0,shasum,130,1.000,11.724,12582570.667,nan,1,0,6133267,nmap,20,1.000,85.837,15625386.667,nan,1,0,111952945,33.200,147.233,2565910528.000,2549750784.000,19.046,18.950,nan,nan,295,0
figlet,0,1.000,0.051,5843626.667,nan,1,0,0,shasum,130,1.000,10.892,12664661.333,nan,1,0,6197283,nmap,20,1.000,74.960,16214757.181,nan,1,0,112205059,33.400,140.139,2518853632.000,2528250368.000,18.769,18.825,nan,nan,240,0
figlet,0,1.000,0.052,5729621.333,nan,1,0,0,shasum,130,1.000,11.598,12750677.333,nan,1,0,8405415,nmap,30,1.000,134.334,19973120.000,nan,1,0,132381771,34.200,190.583,2559346688.000,2563131904.000,19.012,19.035,nan,nan,235,0
figlet,0,1.000,0.054,5816661.333,nan,1,0,0,shasum,130,1.000,10.987,12894890.667,nan,1,0,8678675,nmap,30,1.000,124.950,19435178.667,nan,1,0,159528878,34.467,182.700,2532239360.000,2541356544.000,18.852,18.907,nan,nan,225,0
figlet,0,1.000,0.065,5780821.333,nan,1,0,0,shasum,130,1.000,11.845,12912128.000,nan,1,0,8613171,nmap,30,1.000,135.384,19986773.333,nan,1,0,142354228,32.133,190.250,2565908480.000,2573193216.000,19.056,19.100,nan,nan,160,0
figlet,0,1.000,0.054,5844992.000,nan,1,0,0,shasum,130,1.000,10.652,12473856.000,nan,2,0,10308231,nmap,40,0.999,135.999,260562773.333,nan,2,0,8127966123,33.067,194.367,2561726464.000,2867054592.000,19.033,20.862,nan,nan,300,0
figlet,0,1.000,0.051,5963229.867,nan,1,0,0,shasum,130,1.000,11.364,12636979.200,nan,2,0,10343653,nmap,40,0.999,159.248,287721881.600,nan,2,0,6907643702,33.133,234.320,2563860480.000,2906814054.400,19.051,21.104,nan,nan,260,0
figlet,0,1.000,0.051,5859669.333,nan,1,0,0,shasum,130,1.000,11.379,12505600.000,nan,2,0,10458369,nmap,40,0.999,146.855,264082773.333,nan,2,0,6772393901,30.733,202.883,2567755776.000,2819388416.000,19.082,20.588,nan,nan,315,0
figlet,0,1.000,0.050,5862468.267,nan,1,0,0,shasum,130,1.000,11.901,12787438.933,nan,2,0,10280909,nmap,50,0.999,168.918,2940928.000,nan,3,0,12761107378,30.600,247.440,2555703296.000,2966200320.000,18.999,21.469,nan,nan,335,0
